{"root":[{"assemblyName":"Assembly-CSharp","nameSpace":"Mirror","className":"GeneratedNetworkCode","methodName":"InitReadWriters","loadTypes":1,"isUnityClass":false},{"assemblyName":"Mirror.Authenticators","nameSpace":"Mirror","className":"GeneratedNetworkCode","methodName":"InitReadWriters","loadTypes":1,"isUnityClass":false},{"assemblyName":"Mirror.Components","nameSpace":"Mirror","className":"GeneratedNetworkCode","methodName":"InitReadWriters","loadTypes":1,"isUnityClass":false},{"assemblyName":"Mirror","nameSpace":"Mirror","className":"NetworkClient","methodName":"Shutdown","loadTypes":1,"isUnityClass":false},{"assemblyName":"Mirror","nameSpace":"Mirror","className":"NetworkDiagnostics","methodName":"ResetStatics","loadTypes":0,"isUnityClass":false},{"assemblyName":"Mirror","nameSpace":"Mirror","className":"NetworkIdentity","methodName":"ResetStatics","loadTypes":1,"isUnityClass":false},{"assemblyName":"Mirror","nameSpace":"Mirror","className":"NetworkLoop","methodName":"ResetStatics","loadTypes":1,"isUnityClass":false},{"assemblyName":"Mirror","nameSpace":"Mirror","className":"NetworkLoop","methodName":"RuntimeInitializeOnLoad","loadTypes":1,"isUnityClass":false},{"assemblyName":"Mirror","nameSpace":"Mirror","className":"NetworkManager","methodName":"ResetStatics","loadTypes":1,"isUnityClass":false},{"assemblyName":"Mirror","nameSpace":"Mirror","className":"NetworkServer","methodName":"Shutdown","loadTypes":1,"isUnityClass":false},{"assemblyName":"Mirror","nameSpace":"Mirror","className":"NetworkTime","methodName":"ResetStatics","loadTypes":0,"isUnityClass":false},{"assemblyName":"Mirror","nameSpace":"Mirror","className":"ThreadLog","methodName":"Initialize","loadTypes":1,"isUnityClass":false},{"assemblyName":"Mirror","nameSpace":"Mirror","className":"GeneratedNetworkCode","methodName":"InitReadWriters","loadTypes":1,"isUnityClass":false},{"assemblyName":"Mirror.Examples","nameSpace":"Mirror.Examples.MultipleMatch","className":"CanvasController","methodName":"ResetStatics","loadTypes":1,"isUnityClass":false},{"assemblyName":"Mirror.Examples","nameSpace":"Mirror.Examples.Chat","className":"ChatAuthenticator","methodName":"ResetStatics","loadTypes":0,"isUnityClass":false},{"assemblyName":"Mirror.Examples","nameSpace":"Mirror","className":"GeneratedNetworkCode","methodName":"InitReadWriters","loadTypes":1,"isUnityClass":false},{"assemblyName":"Unity.2D.Animation.Runtime","nameSpace":"","className":"$BurstDirectCallInitializer","methodName":"Initialize","loadTypes":2,"isUnityClass":true},{"assemblyName":"Unity.2D.SpriteShape.Runtime","nameSpace":"","className":"$BurstDirectCallInitializer","methodName":"Initialize","loadTypes":2,"isUnityClass":true},{"assemblyName":"Unity.Collections","nameSpace":"","className":"$BurstDirectCallInitializer","methodName":"Initialize","loadTypes":2,"isUnityClass":true},{"assemblyName":"Unity.Netcode.Components","nameSpace":"__GEN","className":"INetworkMessageHelper","methodName":"InitializeMessages","loadTypes":0,"isUnityClass":true},{"assemblyName":"Unity.Netcode.Components","nameSpace":"__GEN","className":"NetworkVariableSerializationHelper","methodName":"InitializeSerialization","loadTypes":0,"isUnityClass":true},{"assemblyName":"Unity.Netcode.Runtime","nameSpace":"Unity.Netcode","className":"NetworkUpdateLoop","methodName":"Initialize","loadTypes":4,"isUnityClass":true},{"assemblyName":"Unity.Netcode.Runtime","nameSpace":"Unity.Netcode","className":"NetworkVariableSerializationTypes","methodName":"InitializeIntegerSerialization","loadTypes":2,"isUnityClass":true},{"assemblyName":"Unity.Netcode.Runtime","nameSpace":"__GEN","className":"INetworkMessageHelper","methodName":"InitializeMessages","loadTypes":0,"isUnityClass":true},{"assemblyName":"Unity.VisualScripting.Core","nameSpace":"Unity.VisualScripting","className":"RuntimeVSUsageUtility","methodName":"RuntimeInitializeOnLoadBeforeSceneLoad","loadTypes":1,"isUnityClass":true}]}
